店舗名,予算テキスト,予算
炭火居酒屋 炎 札幌駅北口店,単品：2000円　宴会：3000円～3500円,3250.0
金獅子のホルモン 北2条店,フリー　4000円　／　宴会　4500円,4000.0
海鮮個室酒場 伊まり 札幌駅南口店,コース3000円～/飲放1200円/生サワー180円/請求書払い,3000.0
餃子のかっちゃん 札幌店,2500円,2500.0
いろり屋 札幌駅前店,2980円（個室で味わう北海道の海鮮）,2980.0
まるごと北海道 花の舞 札幌北2条店,3000円（各種飲み放題付きコース等をご用意しております♪）,3000.0
エイト・ライスフィールド・カフェ eight Ricefield cafe 札幌駅北口店,2700円,2700.0
バディバディ 札幌駅,,
濱焼北海道魚萬 新札幌駅前店,3000円,3000.0
居酒屋 あか峯札幌駅前店,,
咲か蔵 札幌北口店,【フリー】3500円～【ご宴会】3980円～,3500.0
個室 北海道極食材 籠家 かごや 札幌駅南口本店,5000～6000円,5500.0
炭火居酒屋 炎 北2条店,単品：2000円　宴会：3000円～3500円,3250.0
刺身と焼き物 ひゃくや 札幌駅JR高架下店,個室宴会3000円～/飲放1200円/生230円/刺身180円,3000.0
祐一郎商店 札幌駅前通店,3500円,3500.0
海鮮居酒屋 とれたて北海道 札幌駅前店,5000円(通常平均)　5000円(宴会平均)　700円(ランチ平均),5000.0
檸檬家 れもんや 札幌駅前店,飲み放題クーポン780円～、飲み放題付コース2980円～,
グラッツェ 札幌駅JR55店,"3,000円",3000.0
美味門 札幌駅前店,飲み放題付コース3000円～ ・ 無制限飲み放題999円,3000.0
スペイン バル トーティラ フラット 札幌駅北口店,ディナー 4000円,4000.0
炭火居酒屋 炎 北1条KOKOホテル札幌駅前店,単品：2000円　宴会：3000円～3500円,3250.0
個室居酒屋 DENDEN でんでん 札幌駅前店,飲み放題クーポン有＆食べ飲み放題有,
とりいちず 札幌駅前通り店,通常2000円・宴会3000円・チャージ料金,2000.0
きたとら KITATORA 札幌駅北口店,4000円,4000.0
酒呑倶楽部 つなよし札幌駅前店,3500円,3500.0
海鮮個室酒場 伊まり 札幌駅JR55ビル店,コース3000円～/飲放1200円/生サワー180円/請求書払い,3000.0
太陽ホエール 札幌駅前店,毎日17：00までハッピーアワー♪餃子250円　生ビール270円　,
生ソーセージバル レッカー 札幌駅北口店,【ランチ】1200円／【ディナー】2000円,1200.0
おでんとさかな せろり 札幌駅前店,3001～4000円 ,3500.5
居酒屋 バーデンバーデン 札幌駅前店,平均3000円,3000.0
海鮮食堂 海 KAI 札幌駅北口店,4000円,4000.0
居酒屋 鳥心札幌駅前店,,
居酒屋 魚ヤロウ 札幌駅前店,単品ドリンク100円~ 食べ飲み放題2480円~宴会コース3000円~,
炭火居酒屋 炎 札幌駅前 北3条店,単品：2000円　宴会：3000円～3500円,3250.0
北海道イタリアン居酒屋 エゾバルバンバン 札幌駅前通り店,2800円,2800.0
刺身と焼き物 ひゃくや 札幌駅北口店,個室宴会3500円～/飲放1200円/生230円/刺身180円,3500.0
居酒屋 四季彩 Shikisai 札幌駅前店,飲み放題付き宴会4000円～！コースじゃなくても2時間飲み放題◎,4000.0
北海道食市場 丸海屋 札幌駅北口店,"ランチ1,000円／ディナー4,000円／飲み放題付宴会コース5,000円",1000.0
ルンゴカーニバル 野菜居酒屋 真狩村金丸農園直営 札幌駅北口店,3000円～3500円,3250.0
炭火焼と海鮮、手づくり豆富 まいど! 札幌駅南口店,3000,3000.0
鳥屋 札幌駅前店,3000円前後,3000.0
全席個室 じぶんどき 札幌駅前店,4500円(通常平均)／4300円(宴会平均) ,4500.0
陶板焼きと道産食材 個室居酒屋 れんま 札幌店,"4,000～4,500円",4250.0
個室居酒屋 イザカヤラボ IZAKAYA Lab 札幌駅前店,3000円,3000.0
海鮮個室酒場 伊まり 札幌駅北口駅前店,コース3000円～/飲放1200円/生サワー180円/請求書払い,3000.0
卓上レモンサワー飲み放題 焼肉ホルモンたけ田 札幌駅前店,卓上レモンサワー飲み放題500円♪,
鳥太郎 札幌駅北口店,2500円,2500.0
美食ダイニング 四季舞 札幌駅前店,4500円【各種魅力のクーポンでお得にご利用下さい】/ランチ800円,4500.0
別邸 札幌駅前店,飲み放題付き宴会4000円～！コースじゃなくても2時間飲み放題◎,4000.0
韓国料理 モクポ 札幌駅前店,3000円,3000.0
炭火焼肉酒家 牛角 札幌時計台通り店,3500円,3500.0
つなよし札幌駅店,3500円,3500.0
北海道の海の幸 湊屋 札幌店【個室席完備】,"4,500～5,000円",4750.0
【個室完備】北海道海鮮居酒屋 いろりあん札幌駅前店,3500円,3500.0
海鮮と北海道肉料理 とら TORA 札幌駅前店,4000円,4000.0
北海道十勝新得町塚田農場 札幌北口店,3000円（通常平均）／4000円（宴会平均）,3000.0
月と灯 tsukitoakari札幌駅前店,3500円,3500.0
個室居酒屋 イザカヤラボ IZAKAYA Lab 新札幌店,3000円,3000.0
個室居酒屋 名古屋コーチン 焼き鳥と炉端焼き うち田 札幌駅前店,,
海鮮個室酒場 伊まり 札幌駅時計台前店,コース3000円～/飲放1200円/生サワー180円/請求書払い,3000.0
生ソーセージバル レッカー 札幌駅中央店,【ランチ】1200円／【ディナー】2000円,1200.0
海鮮響 札幌駅前店,席料・お通し代無料,
炭火居酒屋 炎 札幌駅中央店,単品：2000円　宴会：3000円～3500円,3250.0
和菜美 wasabi 札幌駅前店,3500円（豊富な飲み放題付きコースあり）,3500.0
旬味 はなみずき 札幌駅前店,席料・お通し代無料,
SAPPORO餃子製造所 札幌駅 西店,3-4000円,2001.5
炭火居酒屋 炎 札幌駅西口店,単品：2000円　宴会：3000円～3500円,3250.0
魚吉 札幌駅前本店,"夜 4,000円／昼 900円",4000.0
恵美須商店 札幌駅西口,2000～3000円,2500.0
博多もつ鍋 やまや 札幌駅前通り店,-,
閤 CUGURIDO,"4,000円",4000.0
さかなや道場 東札幌駅前南郷通り店,3000円,3000.0
はなび 北三条通り店 炭焼き,ランチ1000円/ディナー2500円/宴会3500円,1000.0
札幌駅北口酒場 めしと純米,3501円～4000円,3750.5
きたとら 別立 札幌駅北口店,4000円,4000.0
プティサレ 札幌駅,【ランチ】2000円　【ディナー】5000円,2000.0
新時代 札幌北1条店,2200円,2200.0
大衆酒場ラスベガス 札幌駅店,2001～3000円,2500.5
福よし 札幌駅西口 店 元祖 美唄 やきとり,3000円,3000.0
博多餃子舎 603 札幌駅前店,3200円,3200.0
串鳥 札幌駅前店,2500円,2500.0
たま 札幌駅西口店,2300円/宴会3500円,2300.0
牛禅 札幌駅前通り店,4500円,4500.0
ミア ボッカ 札幌駅北口店,2300円,2300.0
カラオケ歌屋 札幌駅西口店,昼（500~1000円）／夜（1500~3000円）,
YEBISU BAR ヱビスバー 札幌アピア店,"通常平均2,500円/宴会平均4,000円/ランチ平均1,000円",2500.0
スープカレー hirihiri 2号,1400,1400.0
鶏よ魚よ 札幌駅北口店,2300円/宴会3500円,2300.0
札幌駅北口店,"アラカルト3,000円～／宴会コース3,970円～",3000.0
温野菜 札幌駅前店,3500円,3500.0
インゾーネテーブル inZONE TABLE,"ランチ：1,800円　ディナー：3,000円",1800.0
Stampede's Cafe&Dining Bar スタンピーズ カフェ&ダイニングバー,【ランチ】700円～980円／【ダイニングバー】3000円～3500円,
串鳥番外地 駅前通店,2500円,2500.0
あいよ 札幌駅 北3条店,3500円,3500.0
札幌かに本家 札幌駅前本店,5500円,5500.0
炙屋 札幌駅南口店 炭焼 寿し処,7000円～,7000.0
しゃぶしゃぶれたす 札幌駅前店,ランチ：1000円　ディナー：3200円,1000.0
山の猿 札幌駅北口店,ランチ700円/ディナー2500円/宴会3500円,
カプリチョーザ 札幌北一条店,3300円,3300.0
ジンギスカン ホルモン酒場 風土. 札幌駅前店,5000円,5000.0
